{"cameraMode":{"drawMode":0,"name":"Shaded","section":"Shading Mode"},"sceneLighting":true,"audioPlay":false,"sceneViewState":{"m_AlwaysRefresh":false,"showFog":true,"showSkybox":true,"showFlares":true,"showImageEffects":true,"showParticleSystems":true,"showVisualEffectGraphs":true,"m_FxEnabled":true},"in2DMode":false,"pivot":{"x":-0.9773858785629273,"y":1.5595768690109254,"z":-0.6211429834365845},"rotation":{"x":-0.3219417333602905,"y":-0.4437481760978699,"z":0.17467756569385529,"w":-0.8178943395614624},"size":11.461180686950684,"orthographic":false}